seed,strategy,steps,quote_opportunities,fill_opportunity_quantity,fills,buy_fills,sell_fills,final_inventory,final_cash,final_mid_price,mark_to_market_pnl,max_abs_inventory,gross_spread_capture_pnl,post_fill_markout_pnl,negative_markout_quantity,negative_markout_loss
1,fixed_spread,500,294,383,200,101,99,2,-20092,10003,-86,26,400,162,22,22
2,fixed_spread,500,279,372,174,76,98,-22,220361,10014,53,25,348,158,19,19
3,fixed_spread,500,289,390,186,87,99,-12,120433,10033,37,21,372,183,24,24
4,fixed_spread,500,295,400,188,104,84,20,-199156,9958,4,22,376,185,23,23
5,fixed_spread,500,307,398,173,70,103,-33,330130,10016,-398,33,346,170,24,24
6,fixed_spread,500,292,394,197,100,97,3,-29770,9974,152,16,394,156,34,34
7,fixed_spread,500,284,367,182,99,83,16,-159661,9986,115,16,364,217,20,20
8,fixed_spread,500,317,434,211,120,91,29,-289015,9965,-30,33,422,166,28,28
9,fixed_spread,500,318,424,218,114,104,10,-99351,9972,369,18,436,236,34,34
10,fixed_spread,500,308,407,211,94,117,-23,230889,10035,84,24,422,206,28,28
11,fixed_spread,500,304,392,196,98,98,0,484,10014,484,19,392,120,37,37
12,fixed_spread,500,311,419,203,106,97,9,-89382,9959,249,13,406,182,27,27
13,fixed_spread,500,301,383,220,98,122,-24,241022,10048,-130,24,440,175,28,28
14,fixed_spread,500,282,370,187,81,106,-25,250622,10019,147,34,374,195,21,21
15,fixed_spread,500,310,399,190,104,86,18,-179431,9956,-223,28,380,146,22,22
16,fixed_spread,500,304,422,196,91,105,-14,140560,9974,924,27,392,120,34,34
17,fixed_spread,500,305,407,212,112,100,12,-119559,9984,249,14,424,178,30,30
18,fixed_spread,500,302,393,186,94,92,2,-19908,10013,118,15,372,179,28,28
19,fixed_spread,500,315,433,232,103,129,-26,260872,10046,-324,34,464,206,23,23
20,fixed_spread,500,307,398,195,101,94,7,-69509,9930,1,16,390,158,30,30
21,fixed_spread,500,301,394,206,100,106,-6,60494,10024,350,25,412,220,27,27
22,fixed_spread,500,301,403,185,102,83,19,-189272,9953,-165,23,370,159,27,27
23,fixed_spread,500,294,397,195,81,114,-33,330965,10051,-718,35,390,178,21,21
24,fixed_spread,500,304,405,202,101,101,0,64,9949,64,10,404,185,32,32
25,fixed_spread,500,299,404,203,73,130,-57,570187,9988,871,63,406,189,32,32
26,fixed_spread,500,307,418,187,84,103,-19,190484,10014,218,35,374,157,27,27
27,fixed_spread,500,296,395,208,95,113,-18,180340,10017,34,22,416,166,45,45
28,fixed_spread,500,304,389,179,79,100,-21,210500,10021,59,26,358,186,18,18
29,fixed_spread,500,288,399,190,94,96,-2,20145,9966,213,12,380,173,22,22
30,fixed_spread,500,290,387,177,92,85,7,-69783,9986,119,18,354,168,18,18
31,fixed_spread,500,293,399,189,97,92,5,-49822,10000,178,11,378,182,26,26
32,fixed_spread,500,304,405,195,99,96,3,-30208,10021,-145,14,390,161,20,20
33,fixed_spread,500,300,398,192,83,109,-26,260799,10039,-215,33,384,169,34,34
34,fixed_spread,500,313,422,228,121,107,14,-139413,9971,181,20,456,195,31,31
35,fixed_spread,500,284,360,181,89,92,-3,30080,9958,206,15,362,162,24,24
36,fixed_spread,500,267,365,183,85,98,-13,130115,9955,700,18,366,148,24,24
37,fixed_spread,500,272,364,191,76,115,-39,391960,10054,-146,42,382,148,31,31
38,fixed_spread,500,322,436,205,113,92,21,-209616,9994,258,24,410,207,22,22
39,fixed_spread,500,314,410,197,95,102,-7,70267,10016,155,14,394,183,27,27
40,fixed_spread,500,317,426,200,101,99,2,-19807,9999,191,11,400,164,31,31
41,fixed_spread,500,296,398,204,111,93,18,-179131,9981,527,25,408,183,25,25
42,fixed_spread,500,311,418,216,121,95,26,-260056,10038,932,40,432,231,18,18
43,fixed_spread,500,309,410,227,106,121,-15,150725,10053,-70,15,454,204,26,26
44,fixed_spread,500,302,407,211,107,104,3,-29592,9967,309,18,422,167,36,36
45,fixed_spread,500,298,402,187,100,87,13,-129732,10002,294,13,374,213,23,23
46,fixed_spread,500,293,389,199,92,107,-15,150659,10041,44,17,398,175,32,32
47,fixed_spread,500,307,408,198,116,82,34,-338907,9993,855,35,396,195,36,36
48,fixed_spread,500,278,372,188,101,87,14,-139641,9974,-5,22,376,183,19,19
49,fixed_spread,500,304,399,184,91,93,-2,19963,9997,-31,9,368,155,27,27
50,fixed_spread,500,299,400,185,95,90,5,-49649,9971,206,16,370,169,20,20
51,fixed_spread,500,298,389,205,90,115,-25,251284,10043,209,27,410,186,25,25
52,fixed_spread,500,306,420,234,122,112,10,-99680,10009,410,11,468,226,31,31
53,fixed_spread,500,315,412,216,99,117,-18,180889,10004,817,27,432,183,42,42
54,fixed_spread,500,326,416,195,102,93,9,-89712,9997,261,10,390,137,35,35
55,fixed_spread,500,307,394,181,74,107,-33,331386,10055,-429,37,362,150,20,20
56,fixed_spread,500,311,407,197,94,103,-9,90036,9967,333,16,394,193,30,30
57,fixed_spread,500,290,391,179,87,92,-5,50425,10014,355,16,358,172,28,28
58,fixed_spread,500,297,392,203,114,89,25,-249532,9989,193,27,406,157,30,30
59,fixed_spread,500,307,409,182,85,97,-12,120257,10050,-343,18,364,137,24,24
60,fixed_spread,500,288,381,215,105,110,-5,50425,10008,385,13,430,175,37,37
61,fixed_spread,500,286,380,220,110,110,0,181,10004,181,13,440,203,24,24
62,fixed_spread,500,297,394,204,110,94,16,-159900,9999,84,27,408,177,37,37
63,fixed_spread,500,311,403,195,83,112,-29,290987,10016,523,34,390,173,28,28
64,fixed_spread,500,309,424,221,125,96,29,-289333,9970,-203,29,442,202,30,30
65,fixed_spread,500,283,378,199,99,100,-1,10397,10011,386,16,398,171,26,26
66,fixed_spread,500,315,437,212,110,102,8,-79542,9994,410,32,424,201,30,30
67,fixed_spread,500,309,420,187,101,86,15,-149477,9974,133,22,374,162,30,30
68,fixed_spread,500,291,391,201,102,99,3,-29979,10030,111,14,402,133,49,49
69,fixed_spread,500,294,391,192,96,96,0,255,10008,255,7,384,164,22,22
70,fixed_spread,500,294,385,177,119,58,61,-607690,9953,-557,61,354,175,23,23
71,fixed_spread,500,304,403,185,96,89,7,-69527,10009,536,17,370,173,28,28
72,fixed_spread,500,313,406,191,93,98,-5,50955,10055,680,15,382,244,16,16
73,fixed_spread,500,294,390,200,94,106,-12,120484,10014,316,22,400,188,28,28
74,fixed_spread,500,313,427,224,111,113,-2,20381,9983,415,10,448,182,38,38
75,fixed_spread,500,312,418,214,88,126,-38,381443,10063,-951,45,428,208,25,25
76,fixed_spread,500,309,405,182,90,92,-2,19984,9978,28,13,364,157,23,23
77,fixed_spread,500,294,394,198,110,88,22,-219844,10028,772,27,396,177,24,24
78,fixed_spread,500,293,393,190,97,93,4,-39528,9978,384,11,380,152,30,30
79,fixed_spread,500,319,432,226,109,117,-8,80080,9970,320,17,452,201,30,30
80,fixed_spread,500,301,401,194,95,99,-4,39993,10039,-163,20,388,186,28,28
81,fixed_spread,500,294,392,188,90,98,-8,80381,10009,309,11,376,184,27,27
82,fixed_spread,500,301,411,197,102,95,7,-69717,9999,276,10,394,189,34,34
83,fixed_spread,500,296,391,198,93,105,-12,119923,9984,115,16,396,180,32,32
84,fixed_spread,500,304,394,185,102,83,19,-189420,9964,-104,22,370,172,22,22
85,fixed_spread,500,321,422,210,112,98,14,-139980,10006,104,18,420,170,20,20
86,fixed_spread,500,316,417,220,99,121,-22,221035,10044,67,29,440,215,25,25
87,fixed_spread,500,297,385,193,108,85,23,-228355,9939,242,23,386,145,37,37
88,fixed_spread,500,302,404,208,102,106,-4,40125,9963,273,8,416,169,35,35
89,fixed_spread,500,316,421,206,101,105,-4,40425,9999,429,17,412,212,23,23
90,fixed_spread,500,308,397,206,117,89,28,-279352,9967,-276,34,412,212,21,21
91,fixed_spread,500,291,396,202,97,105,-8,80642,9960,962,27,404,144,43,43
92,fixed_spread,500,291,381,177,95,82,13,-129823,9987,8,16,354,146,24,24
93,fixed_spread,500,294,388,204,120,84,36,-360158,9991,-482,39,408,193,26,26
94,fixed_spread,500,302,392,184,92,92,0,381,10001,381,8,368,164,26,26
95,fixed_spread,500,282,384,191,100,91,9,-89569,10005,476,14,382,186,22,22
96,fixed_spread,500,291,381,171,98,73,25,-249267,9990,483,31,342,174,28,28
97,fixed_spread,500,296,391,178,96,82,14,-139965,9983,-203,19,356,163,21,21
98,fixed_spread,500,303,408,204,108,96,12,-119001,9951,411,12,408,206,23,23
99,fixed_spread,500,294,385,202,101,101,0,167,10019,167,31,404,172,26,26
100,fixed_spread,500,299,407,195,82,113,-31,310236,9979,887,34,390,182,25,25
1,inventory_aware,500,240,311,152,75,77,-2,20040,10003,34,5,333,151,20,20
2,inventory_aware,500,232,310,144,73,71,2,-19887,10014,141,5,310,125,17,17
3,inventory_aware,500,244,331,157,80,77,3,-29872,10033,227,4,342,176,15,15
4,inventory_aware,500,241,325,153,75,78,-3,29989,9958,115,5,328,170,17,17
5,inventory_aware,500,268,348,146,72,74,-2,20199,10016,167,3,294,140,22,22
6,inventory_aware,500,235,317,147,74,73,1,-9785,9974,189,5,323,166,22,23
7,inventory_aware,500,233,303,148,74,74,0,219,9986,219,5,313,168,23,25
8,inventory_aware,500,252,339,157,80,77,3,-29654,9965,241,5,346,142,21,22
9,inventory_aware,500,242,321,158,80,78,2,-19743,9972,201,5,347,157,29,30
10,inventory_aware,500,248,335,161,80,81,-1,10206,10035,171,4,344,191,21,21
11,inventory_aware,500,239,308,154,78,76,2,-19932,10014,96,6,335,123,29,31
12,inventory_aware,500,266,361,162,81,81,0,226,9959,226,4,332,166,17,17
13,inventory_aware,500,257,324,173,85,88,-3,30266,10048,122,6,378,182,17,17
14,inventory_aware,500,217,282,150,74,76,-2,20256,10019,218,5,335,180,15,16
15,inventory_aware,500,237,303,147,73,74,-1,10070,9956,114,5,322,160,14,14
16,inventory_aware,500,243,339,156,80,76,4,-39876,9974,20,6,332,139,26,26
17,inventory_aware,500,253,340,174,87,87,0,99,9984,99,6,369,155,30,30
18,inventory_aware,500,241,310,146,73,73,0,144,10013,144,4,316,162,23,23
19,inventory_aware,500,260,356,184,91,93,-2,20212,10046,120,5,390,175,12,12
20,inventory_aware,500,262,337,153,75,78,-3,29868,9930,78,4,312,142,17,17
21,inventory_aware,500,245,329,172,86,86,0,178,10024,178,5,357,158,26,26
22,inventory_aware,500,246,325,149,74,75,-1,10128,9953,175,4,312,163,15,15
23,inventory_aware,500,224,304,149,75,74,1,-9992,10051,59,5,323,197,8,8
24,inventory_aware,500,253,337,162,81,81,0,121,9949,121,3,332,133,27,27
25,inventory_aware,500,242,325,160,81,79,2,-19816,9988,160,5,345,172,22,22
26,inventory_aware,500,242,332,140,72,68,4,-40076,10014,-20,6,302,137,18,18
27,inventory_aware,500,246,324,159,79,80,-1,10243,10017,226,4,330,140,29,29
28,inventory_aware,500,237,299,125,63,62,1,-9966,10021,55,4,258,140,11,11
29,inventory_aware,500,228,320,154,78,76,2,-19784,9966,148,6,339,174,15,15
30,inventory_aware,500,228,303,128,65,63,2,-19947,9986,25,4,272,139,9,9
31,inventory_aware,500,237,316,156,77,79,-2,20149,10000,149,5,343,187,14,14
32,inventory_aware,500,249,328,152,76,76,0,181,10021,181,5,331,168,18,19
33,inventory_aware,500,244,324,147,74,73,1,-9801,10039,238,5,331,173,16,16
34,inventory_aware,500,243,328,173,87,86,1,-9731,9971,240,5,374,169,23,23
35,inventory_aware,500,229,288,136,69,67,2,-19727,9958,189,6,294,137,18,18
36,inventory_aware,500,220,300,147,74,73,1,-9724,9955,231,5,317,148,18,18
37,inventory_aware,500,222,302,163,80,83,-3,30337,10054,175,5,347,152,20,20
38,inventory_aware,500,265,359,159,78,81,-3,30170,9994,188,4,336,166,16,16
39,inventory_aware,500,236,310,162,82,80,2,-19944,10016,88,5,349,174,13,13
40,inventory_aware,500,239,326,133,66,67,-1,9974,9999,-25,5,287,112,20,21
41,inventory_aware,500,240,325,174,88,86,2,-19768,9981,194,6,373,182,25,25
42,inventory_aware,500,263,355,189,94,95,-1,10280,10038,242,5,417,234,19,19
43,inventory_aware,500,257,344,181,91,90,1,-9797,10053,256,4,400,222,11,11
44,inventory_aware,500,237,315,152,75,77,-2,20079,9967,145,6,335,165,15,17
45,inventory_aware,500,247,334,150,75,75,0,72,10002,72,5,308,153,22,22
46,inventory_aware,500,258,344,177,89,88,1,-9876,10041,165,5,381,165,27,27
47,inventory_aware,500,248,332,167,83,84,-1,10147,9993,154,5,373,208,21,21
48,inventory_aware,500,231,313,169,85,84,1,-9780,9974,194,4,352,203,15,15
49,inventory_aware,500,242,317,144,73,71,2,-19952,9997,42,5,316,157,20,20
50,inventory_aware,500,251,338,157,79,78,1,-9783,9971,188,4,320,134,18,18
51,inventory_aware,500,232,300,141,71,70,1,-9820,10043,223,5,323,144,16,17
52,inventory_aware,500,263,358,186,94,92,2,-19708,10009,310,5,402,197,24,24
53,inventory_aware,500,256,332,164,83,81,2,-19847,10004,161,5,347,158,26,26
54,inventory_aware,500,269,346,164,82,82,0,138,9997,138,6,361,132,33,34
55,inventory_aware,500,241,311,133,67,66,1,-10071,10055,-16,4,284,138,20,20
56,inventory_aware,500,252,337,148,74,74,0,113,9967,113,5,313,169,18,18
57,inventory_aware,500,233,321,137,70,67,3,-29819,10014,223,4,286,154,20,20
58,inventory_aware,500,235,310,153,76,77,-1,10189,9989,200,5,330,163,15,16
59,inventory_aware,500,248,326,135,66,69,-3,30226,10050,76,5,295,147,16,18
60,inventory_aware,500,248,330,180,89,91,-2,20241,10008,225,5,380,170,25,25
61,inventory_aware,500,231,304,172,85,87,-2,20188,10004,180,5,372,177,19,19
62,inventory_aware,500,233,307,157,78,79,-1,10107,9999,108,6,354,163,28,28
63,inventory_aware,500,267,350,168,84,84,0,211,10016,211,5,366,173,28,30
64,inventory_aware,500,256,356,163,83,80,3,-29631,9970,279,5,358,191,24,24
65,inventory_aware,500,231,306,151,77,74,3,-29827,10011,206,6,315,159,17,17
66,inventory_aware,500,234,323,156,79,77,2,-19877,9994,111,5,343,176,23,25
67,inventory_aware,500,253,343,148,73,75,-2,20131,9974,183,5,319,152,21,21
68,inventory_aware,500,227,304,163,80,83,-3,30248,10030,158,6,359,167,32,36
69,inventory_aware,500,238,323,160,79,81,-2,20247,10008,231,5,347,169,20,20
70,inventory_aware,500,224,292,136,69,67,2,-19724,9953,182,5,289,138,14,14
71,inventory_aware,500,248,331,142,70,72,-2,20167,10009,149,4,302,166,14,14
72,inventory_aware,500,244,325,140,70,70,0,76,10055,76,5,296,188,7,7
73,inventory_aware,500,243,319,158,81,77,4,-39852,10014,204,6,362,194,14,15
74,inventory_aware,500,257,355,170,83,87,-4,40182,9983,250,5,358,177,20,22
75,inventory_aware,500,245,326,153,77,76,1,-10035,10063,28,5,315,164,19,20
76,inventory_aware,500,245,318,137,69,68,1,-9869,9978,109,5,291,159,15,15
77,inventory_aware,500,242,326,155,77,78,-1,10181,10028,153,4,330,152,11,11
78,inventory_aware,500,222,304,132,67,65,2,-19868,9978,88,5,287,122,19,19
79,inventory_aware,500,237,318,146,74,72,2,-19885,9970,55,4,314,170,16,16
80,inventory_aware,500,248,330,145,74,71,3,-29997,10039,120,4,316,140,25,25
81,inventory_aware,500,270,358,173,87,86,1,-9729,10009,280,4,364,161,19,19
82,inventory_aware,500,263,362,167,83,84,-1,10322,9999,323,5,357,181,30,33
83,inventory_aware,500,246,320,170,86,84,2,-19823,9984,145,3,348,162,30,30
84,inventory_aware,500,260,339,151,75,76,-1,10144,9964,180,4,310,135,21,21
85,inventory_aware,500,267,361,193,95,98,-3,30198,10006,180,4,404,166,21,21
86,inventory_aware,500,253,336,172,84,88,-4,40436,10044,260,5,374,214,17,18
87,inventory_aware,500,230,295,138,69,69,0,27,9939,27,5,301,166,20,20
88,inventory_aware,500,245,328,155,78,77,1,-9891,9963,72,6,350,177,13,13
89,inventory_aware,500,280,368,172,86,86,0,250,9999,250,4,350,185,19,19
90,inventory_aware,500,240,316,146,71,75,-4,40038,9967,170,4,324,176,18,18
91,inventory_aware,500,231,312,156,79,77,2,-19792,9960,128,4,332,134,28,28
92,inventory_aware,500,250,324,152,75,77,-2,20196,9987,222,3,308,136,17,17
93,inventory_aware,500,255,336,175,88,87,1,-9661,9991,330,6,384,202,16,18
94,inventory_aware,500,259,340,162,81,81,0,268,10001,268,4,340,188,16,16
95,inventory_aware,500,232,316,160,82,78,4,-39886,10005,134,6,344,164,21,23
96,inventory_aware,500,235,307,144,72,72,0,169,9990,169,6,308,164,17,17
97,inventory_aware,500,223,287,130,66,64,2,-20020,9983,-54,6,287,175,6,6
98,inventory_aware,500,234,311,148,75,73,2,-19766,9951,136,4,328,140,24,24
99,inventory_aware,500,228,297,125,62,63,-1,10056,10019,37,5,276,129,18,18
100,inventory_aware,500,235,323,154,76,78,-2,20153,9979,195,5,331,142,24,27
